<?xml version="1.0" ?>
<annotation>
	<folder>EfficientDet.Pytorch</folder>
	<filename>P13_1_2.tif</filename>
	<path>P13_1_2.tif</path>
	<source>
		<database>Unknown</database>
	</source>
	<size>
		<width>1840</width>
		<height>2000</height>
		<depth>3</depth>
	</size>
	<segmented>0</segmented>
	<object>
		<name>fibroblast and endothelial</name>
		<pose>Unspecified</pose>
		<truncated>0</truncated>
		<difficult>0</difficult>
		<bndbox>
			<xmin>188</xmin>
			<ymin>1897</ymin>
			<xmax>221</xmax>
			<ymax>1930</ymax>
		</bndbox>
	</object>
	<object>
		<name>epithelial</name>
		<pose>Unspecified</pose>
		<truncated>0</truncated>
		<difficult>0</difficult>
		<bndbox>
			<xmin>38</xmin>
			<ymin>1855</ymin>
			<xmax>70</xmax>
			<ymax>1887</ymax>
		</bndbox>
	</object>
	<object>
		<name>epithelial</name>
		<pose>Unspecified</pose>
		<truncated>0</truncated>
		<difficult>0</difficult>
		<bndbox>
			<xmin>56</xmin>
			<ymin>1873</ymin>
			<xmax>88</xmax>
			<ymax>1905</ymax>
		</bndbox>
	</object>
	<object>
		<name>epithelial</name>
		<pose>Unspecified</pose>
		<truncated>0</truncated>
		<difficult>0</difficult>
		<bndbox>
			<xmin>159</xmin>
			<ymin>1900</ymin>
			<xmax>190</xmax>
			<ymax>1932</ymax>
		</bndbox>
	</object>
	<object>
		<name>epithelial</name>
		<pose>Unspecified</pose>
		<truncated>0</truncated>
		<difficult>0</difficult>
		<bndbox>
			<xmin>28</xmin>
			<ymin>1877</ymin>
			<xmax>60</xmax>
			<ymax>1909</ymax>
		</bndbox>
	</object>
	<object>
		<name>fibroblast and endothelial</name>
		<pose>Unspecified</pose>
		<truncated>0</truncated>
		<difficult>0</difficult>
		<bndbox>
			<xmin>209</xmin>
			<ymin>1919</ymin>
			<xmax>241</xmax>
			<ymax>1951</ymax>
		</bndbox>
	</object>
	<object>
		<name>fibroblast and endothelial</name>
		<pose>Unspecified</pose>
		<truncated>0</truncated>
		<difficult>0</difficult>
		<bndbox>
			<xmin>205</xmin>
			<ymin>1910</ymin>
			<xmax>238</xmax>
			<ymax>1942</ymax>
		</bndbox>
	</object>
	<object>
		<name>fibroblast and endothelial</name>
		<pose>Unspecified</pose>
		<truncated>0</truncated>
		<difficult>0</difficult>
		<bndbox>
			<xmin>98</xmin>
			<ymin>1852</ymin>
			<xmax>130</xmax>
			<ymax>1884</ymax>
		</bndbox>
	</object>
	<object>
		<name>epithelial</name>
		<pose>Unspecified</pose>
		<truncated>0</truncated>
		<difficult>0</difficult>
		<bndbox>
			<xmin>306</xmin>
			<ymin>1954</ymin>
			<xmax>338</xmax>
			<ymax>1985</ymax>
		</bndbox>
	</object>
	<object>
		<name>fibroblast and endothelial</name>
		<pose>Unspecified</pose>
		<truncated>0</truncated>
		<difficult>0</difficult>
		<bndbox>
			<xmin>207</xmin>
			<ymin>1895</ymin>
			<xmax>239</xmax>
			<ymax>1927</ymax>
		</bndbox>
	</object>
	<object>
		<name>epithelial</name>
		<pose>Unspecified</pose>
		<truncated>0</truncated>
		<difficult>0</difficult>
		<bndbox>
			<xmin>134</xmin>
			<ymin>1887</ymin>
			<xmax>165</xmax>
			<ymax>1919</ymax>
		</bndbox>
	</object>
	<object>
		<name>epithelial</name>
		<pose>Unspecified</pose>
		<truncated>0</truncated>
		<difficult>0</difficult>
		<bndbox>
			<xmin>186</xmin>
			<ymin>1873</ymin>
			<xmax>219</xmax>
			<ymax>1907</ymax>
		</bndbox>
	</object>
	<object>
		<name>epithelial</name>
		<pose>Unspecified</pose>
		<truncated>0</truncated>
		<difficult>0</difficult>
		<bndbox>
			<xmin>142</xmin>
			<ymin>1859</ymin>
			<xmax>173</xmax>
			<ymax>1891</ymax>
		</bndbox>
	</object>
	<object>
		<name>fibroblast and endothelial</name>
		<pose>Unspecified</pose>
		<truncated>0</truncated>
		<difficult>0</difficult>
		<bndbox>
			<xmin>219</xmin>
			<ymin>1946</ymin>
			<xmax>251</xmax>
			<ymax>1978</ymax>
		</bndbox>
	</object>
	<object>
		<name>epithelial</name>
		<pose>Unspecified</pose>
		<truncated>0</truncated>
		<difficult>0</difficult>
		<bndbox>
			<xmin>7</xmin>
			<ymin>1840</ymin>
			<xmax>39</xmax>
			<ymax>1871</ymax>
		</bndbox>
	</object>
	<object>
		<name>epithelial</name>
		<pose>Unspecified</pose>
		<truncated>0</truncated>
		<difficult>0</difficult>
		<bndbox>
			<xmin>140</xmin>
			<ymin>1836</ymin>
			<xmax>171</xmax>
			<ymax>1868</ymax>
		</bndbox>
	</object>
	<object>
		<name>epithelial</name>
		<pose>Unspecified</pose>
		<truncated>0</truncated>
		<difficult>0</difficult>
		<bndbox>
			<xmin>187</xmin>
			<ymin>1805</ymin>
			<xmax>218</xmax>
			<ymax>1837</ymax>
		</bndbox>
	</object>
	<object>
		<name>fibroblast and endothelial</name>
		<pose>Unspecified</pose>
		<truncated>0</truncated>
		<difficult>0</difficult>
		<bndbox>
			<xmin>227</xmin>
			<ymin>1908</ymin>
			<xmax>258</xmax>
			<ymax>1941</ymax>
		</bndbox>
	</object>
	<object>
		<name>fibroblast and endothelial</name>
		<pose>Unspecified</pose>
		<truncated>0</truncated>
		<difficult>0</difficult>
		<bndbox>
			<xmin>238</xmin>
			<ymin>1923</ymin>
			<xmax>269</xmax>
			<ymax>1955</ymax>
		</bndbox>
	</object>
	<object>
		<name>epithelial</name>
		<pose>Unspecified</pose>
		<truncated>0</truncated>
		<difficult>0</difficult>
		<bndbox>
			<xmin>172</xmin>
			<ymin>1891</ymin>
			<xmax>204</xmax>
			<ymax>1924</ymax>
		</bndbox>
	</object>
	<object>
		<name>epithelial</name>
		<pose>Unspecified</pose>
		<truncated>0</truncated>
		<difficult>0</difficult>
		<bndbox>
			<xmin>97</xmin>
			<ymin>1827</ymin>
			<xmax>129</xmax>
			<ymax>1860</ymax>
		</bndbox>
	</object>
	<object>
		<name>epithelial</name>
		<pose>Unspecified</pose>
		<truncated>0</truncated>
		<difficult>0</difficult>
		<bndbox>
			<xmin>230</xmin>
			<ymin>1874</ymin>
			<xmax>262</xmax>
			<ymax>1905</ymax>
		</bndbox>
	</object>
	<object>
		<name>epithelial</name>
		<pose>Unspecified</pose>
		<truncated>0</truncated>
		<difficult>0</difficult>
		<bndbox>
			<xmin>47</xmin>
			<ymin>1857</ymin>
			<xmax>80</xmax>
			<ymax>1890</ymax>
		</bndbox>
	</object>
	<object>
		<name>fibroblast and endothelial</name>
		<pose>Unspecified</pose>
		<truncated>0</truncated>
		<difficult>0</difficult>
		<bndbox>
			<xmin>130</xmin>
			<ymin>1821</ymin>
			<xmax>162</xmax>
			<ymax>1852</ymax>
		</bndbox>
	</object>
	<object>
		<name>epithelial</name>
		<pose>Unspecified</pose>
		<truncated>0</truncated>
		<difficult>0</difficult>
		<bndbox>
			<xmin>28</xmin>
			<ymin>1826</ymin>
			<xmax>60</xmax>
			<ymax>1858</ymax>
		</bndbox>
	</object>
	<object>
		<name>epithelial</name>
		<pose>Unspecified</pose>
		<truncated>0</truncated>
		<difficult>0</difficult>
		<bndbox>
			<xmin>99</xmin>
			<ymin>1809</ymin>
			<xmax>131</xmax>
			<ymax>1841</ymax>
		</bndbox>
	</object>
	<object>
		<name>epithelial</name>
		<pose>Unspecified</pose>
		<truncated>0</truncated>
		<difficult>0</difficult>
		<bndbox>
			<xmin>124</xmin>
			<ymin>1903</ymin>
			<xmax>155</xmax>
			<ymax>1935</ymax>
		</bndbox>
	</object>
	<object>
		<name>fibroblast and endothelial</name>
		<pose>Unspecified</pose>
		<truncated>0</truncated>
		<difficult>0</difficult>
		<bndbox>
			<xmin>263</xmin>
			<ymin>1961</ymin>
			<xmax>295</xmax>
			<ymax>1993</ymax>
		</bndbox>
	</object>
	<object>
		<name>epithelial</name>
		<pose>Unspecified</pose>
		<truncated>0</truncated>
		<difficult>0</difficult>
		<bndbox>
			<xmin>122</xmin>
			<ymin>1649</ymin>
			<xmax>154</xmax>
			<ymax>1681</ymax>
		</bndbox>
	</object>
	<object>
		<name>fibroblast and endothelial</name>
		<pose>Unspecified</pose>
		<truncated>0</truncated>
		<difficult>0</difficult>
		<bndbox>
			<xmin>179</xmin>
			<ymin>1883</ymin>
			<xmax>211</xmax>
			<ymax>1915</ymax>
		</bndbox>
	</object>
	<object>
		<name>epithelial</name>
		<pose>Unspecified</pose>
		<truncated>0</truncated>
		<difficult>0</difficult>
		<bndbox>
			<xmin>438</xmin>
			<ymin>1861</ymin>
			<xmax>470</xmax>
			<ymax>1893</ymax>
		</bndbox>
	</object>
	<object>
		<name>fibroblast and endothelial</name>
		<pose>Unspecified</pose>
		<truncated>0</truncated>
		<difficult>0</difficult>
		<bndbox>
			<xmin>326</xmin>
			<ymin>1816</ymin>
			<xmax>358</xmax>
			<ymax>1847</ymax>
		</bndbox>
	</object>
	<object>
		<name>epithelial</name>
		<pose>Unspecified</pose>
		<truncated>0</truncated>
		<difficult>0</difficult>
		<bndbox>
			<xmin>248</xmin>
			<ymin>1897</ymin>
			<xmax>279</xmax>
			<ymax>1929</ymax>
		</bndbox>
	</object>
	<object>
		<name>fibroblast and endothelial</name>
		<pose>Unspecified</pose>
		<truncated>0</truncated>
		<difficult>0</difficult>
		<bndbox>
			<xmin>16</xmin>
			<ymin>1932</ymin>
			<xmax>49</xmax>
			<ymax>1964</ymax>
		</bndbox>
	</object>
	<object>
		<name>fibroblast and endothelial</name>
		<pose>Unspecified</pose>
		<truncated>0</truncated>
		<difficult>0</difficult>
		<bndbox>
			<xmin>218</xmin>
			<ymin>1914</ymin>
			<xmax>251</xmax>
			<ymax>1945</ymax>
		</bndbox>
	</object>
	<object>
		<name>epithelial</name>
		<pose>Unspecified</pose>
		<truncated>0</truncated>
		<difficult>0</difficult>
		<bndbox>
			<xmin>299</xmin>
			<ymin>1700</ymin>
			<xmax>330</xmax>
			<ymax>1732</ymax>
		</bndbox>
	</object>
	<object>
		<name>epithelial</name>
		<pose>Unspecified</pose>
		<truncated>0</truncated>
		<difficult>0</difficult>
		<bndbox>
			<xmin>422</xmin>
			<ymin>1893</ymin>
			<xmax>454</xmax>
			<ymax>1925</ymax>
		</bndbox>
	</object>
	<object>
		<name>epithelial</name>
		<pose>Unspecified</pose>
		<truncated>0</truncated>
		<difficult>0</difficult>
		<bndbox>
			<xmin>258</xmin>
			<ymin>1943</ymin>
			<xmax>290</xmax>
			<ymax>1975</ymax>
		</bndbox>
	</object>
	<object>
		<name>fibroblast and endothelial</name>
		<pose>Unspecified</pose>
		<truncated>0</truncated>
		<difficult>0</difficult>
		<bndbox>
			<xmin>168</xmin>
			<ymin>1646</ymin>
			<xmax>199</xmax>
			<ymax>1678</ymax>
		</bndbox>
	</object>
	<object>
		<name>epithelial</name>
		<pose>Unspecified</pose>
		<truncated>0</truncated>
		<difficult>0</difficult>
		<bndbox>
			<xmin>33</xmin>
			<ymin>1848</ymin>
			<xmax>65</xmax>
			<ymax>1880</ymax>
		</bndbox>
	</object>
	<object>
		<name>epithelial</name>
		<pose>Unspecified</pose>
		<truncated>0</truncated>
		<difficult>0</difficult>
		<bndbox>
			<xmin>33</xmin>
			<ymin>1869</ymin>
			<xmax>64</xmax>
			<ymax>1901</ymax>
		</bndbox>
	</object>
	<object>
		<name>epithelial</name>
		<pose>Unspecified</pose>
		<truncated>0</truncated>
		<difficult>0</difficult>
		<bndbox>
			<xmin>30</xmin>
			<ymin>1858</ymin>
			<xmax>62</xmax>
			<ymax>1890</ymax>
		</bndbox>
	</object>
	<object>
		<name>epithelial</name>
		<pose>Unspecified</pose>
		<truncated>0</truncated>
		<difficult>0</difficult>
		<bndbox>
			<xmin>415</xmin>
			<ymin>1791</ymin>
			<xmax>447</xmax>
			<ymax>1823</ymax>
		</bndbox>
	</object>
	<object>
		<name>epithelial</name>
		<pose>Unspecified</pose>
		<truncated>0</truncated>
		<difficult>0</difficult>
		<bndbox>
			<xmin>335</xmin>
			<ymin>1893</ymin>
			<xmax>367</xmax>
			<ymax>1925</ymax>
		</bndbox>
	</object>
	<object>
		<name>fibroblast and endothelial</name>
		<pose>Unspecified</pose>
		<truncated>0</truncated>
		<difficult>0</difficult>
		<bndbox>
			<xmin>241</xmin>
			<ymin>1915</ymin>
			<xmax>272</xmax>
			<ymax>1946</ymax>
		</bndbox>
	</object>
	<object>
		<name>fibroblast and endothelial</name>
		<pose>Unspecified</pose>
		<truncated>0</truncated>
		<difficult>0</difficult>
		<bndbox>
			<xmin>132</xmin>
			<ymin>1833</ymin>
			<xmax>163</xmax>
			<ymax>1865</ymax>
		</bndbox>
	</object>
	<object>
		<name>epithelial</name>
		<pose>Unspecified</pose>
		<truncated>0</truncated>
		<difficult>0</difficult>
		<bndbox>
			<xmin>35</xmin>
			<ymin>1835</ymin>
			<xmax>66</xmax>
			<ymax>1867</ymax>
		</bndbox>
	</object>
	<object>
		<name>fibroblast and endothelial</name>
		<pose>Unspecified</pose>
		<truncated>0</truncated>
		<difficult>0</difficult>
		<bndbox>
			<xmin>196</xmin>
			<ymin>1893</ymin>
			<xmax>230</xmax>
			<ymax>1925</ymax>
		</bndbox>
	</object>
	<object>
		<name>epithelial</name>
		<pose>Unspecified</pose>
		<truncated>0</truncated>
		<difficult>0</difficult>
		<bndbox>
			<xmin>4</xmin>
			<ymin>1805</ymin>
			<xmax>36</xmax>
			<ymax>1837</ymax>
		</bndbox>
	</object>
	<object>
		<name>fibroblast and endothelial</name>
		<pose>Unspecified</pose>
		<truncated>0</truncated>
		<difficult>0</difficult>
		<bndbox>
			<xmin>192</xmin>
			<ymin>1720</ymin>
			<xmax>223</xmax>
			<ymax>1752</ymax>
		</bndbox>
	</object>
	<object>
		<name>epithelial</name>
		<pose>Unspecified</pose>
		<truncated>0</truncated>
		<difficult>0</difficult>
		<bndbox>
			<xmin>71</xmin>
			<ymin>1789</ymin>
			<xmax>103</xmax>
			<ymax>1821</ymax>
		</bndbox>
	</object>
	<object>
		<name>fibroblast and endothelial</name>
		<pose>Unspecified</pose>
		<truncated>0</truncated>
		<difficult>0</difficult>
		<bndbox>
			<xmin>89</xmin>
			<ymin>1876</ymin>
			<xmax>121</xmax>
			<ymax>1908</ymax>
		</bndbox>
	</object>
	<object>
		<name>fibroblast and endothelial</name>
		<pose>Unspecified</pose>
		<truncated>0</truncated>
		<difficult>0</difficult>
		<bndbox>
			<xmin>90</xmin>
			<ymin>1608</ymin>
			<xmax>122</xmax>
			<ymax>1640</ymax>
		</bndbox>
	</object>
	<object>
		<name>epithelial</name>
		<pose>Unspecified</pose>
		<truncated>0</truncated>
		<difficult>0</difficult>
		<bndbox>
			<xmin>281</xmin>
			<ymin>1966</ymin>
			<xmax>314</xmax>
			<ymax>1998</ymax>
		</bndbox>
	</object>
	<object>
		<name>epithelial</name>
		<pose>Unspecified</pose>
		<truncated>0</truncated>
		<difficult>0</difficult>
		<bndbox>
			<xmin>286</xmin>
			<ymin>1885</ymin>
			<xmax>318</xmax>
			<ymax>1917</ymax>
		</bndbox>
	</object>
	<object>
		<name>epithelial</name>
		<pose>Unspecified</pose>
		<truncated>0</truncated>
		<difficult>0</difficult>
		<bndbox>
			<xmin>169</xmin>
			<ymin>1553</ymin>
			<xmax>202</xmax>
			<ymax>1585</ymax>
		</bndbox>
	</object>
	<object>
		<name>epithelial</name>
		<pose>Unspecified</pose>
		<truncated>0</truncated>
		<difficult>0</difficult>
		<bndbox>
			<xmin>243</xmin>
			<ymin>1877</ymin>
			<xmax>274</xmax>
			<ymax>1910</ymax>
		</bndbox>
	</object>
	<object>
		<name>epithelial</name>
		<pose>Unspecified</pose>
		<truncated>0</truncated>
		<difficult>0</difficult>
		<bndbox>
			<xmin>65</xmin>
			<ymin>1741</ymin>
			<xmax>96</xmax>
			<ymax>1772</ymax>
		</bndbox>
	</object>
	<object>
		<name>fibroblast and endothelial</name>
		<pose>Unspecified</pose>
		<truncated>0</truncated>
		<difficult>0</difficult>
		<bndbox>
			<xmin>428</xmin>
			<ymin>1729</ymin>
			<xmax>460</xmax>
			<ymax>1761</ymax>
		</bndbox>
	</object>
	<object>
		<name>epithelial</name>
		<pose>Unspecified</pose>
		<truncated>0</truncated>
		<difficult>0</difficult>
		<bndbox>
			<xmin>62</xmin>
			<ymin>1535</ymin>
			<xmax>94</xmax>
			<ymax>1567</ymax>
		</bndbox>
	</object>
	<object>
		<name>epithelial</name>
		<pose>Unspecified</pose>
		<truncated>0</truncated>
		<difficult>0</difficult>
		<bndbox>
			<xmin>243</xmin>
			<ymin>1822</ymin>
			<xmax>275</xmax>
			<ymax>1854</ymax>
		</bndbox>
	</object>
	<object>
		<name>epithelial</name>
		<pose>Unspecified</pose>
		<truncated>0</truncated>
		<difficult>0</difficult>
		<bndbox>
			<xmin>329</xmin>
			<ymin>1927</ymin>
			<xmax>361</xmax>
			<ymax>1959</ymax>
		</bndbox>
	</object>
	<object>
		<name>epithelial</name>
		<pose>Unspecified</pose>
		<truncated>0</truncated>
		<difficult>0</difficult>
		<bndbox>
			<xmin>28</xmin>
			<ymin>1612</ymin>
			<xmax>60</xmax>
			<ymax>1644</ymax>
		</bndbox>
	</object>
	<object>
		<name>epithelial</name>
		<pose>Unspecified</pose>
		<truncated>0</truncated>
		<difficult>0</difficult>
		<bndbox>
			<xmin>444</xmin>
			<ymin>1966</ymin>
			<xmax>475</xmax>
			<ymax>1997</ymax>
		</bndbox>
	</object>
	<object>
		<name>epithelial</name>
		<pose>Unspecified</pose>
		<truncated>0</truncated>
		<difficult>0</difficult>
		<bndbox>
			<xmin>69</xmin>
			<ymin>1690</ymin>
			<xmax>101</xmax>
			<ymax>1723</ymax>
		</bndbox>
	</object>
	<object>
		<name>fibroblast and endothelial</name>
		<pose>Unspecified</pose>
		<truncated>0</truncated>
		<difficult>0</difficult>
		<bndbox>
			<xmin>422</xmin>
			<ymin>1694</ymin>
			<xmax>454</xmax>
			<ymax>1727</ymax>
		</bndbox>
	</object>
	<object>
		<name>epithelial</name>
		<pose>Unspecified</pose>
		<truncated>0</truncated>
		<difficult>0</difficult>
		<bndbox>
			<xmin>467</xmin>
			<ymin>1914</ymin>
			<xmax>499</xmax>
			<ymax>1946</ymax>
		</bndbox>
	</object>
	<object>
		<name>fibroblast and endothelial</name>
		<pose>Unspecified</pose>
		<truncated>0</truncated>
		<difficult>0</difficult>
		<bndbox>
			<xmin>0</xmin>
			<ymin>1878</ymin>
			<xmax>31</xmax>
			<ymax>1910</ymax>
		</bndbox>
	</object>
	<object>
		<name>epithelial</name>
		<pose>Unspecified</pose>
		<truncated>0</truncated>
		<difficult>0</difficult>
		<bndbox>
			<xmin>342</xmin>
			<ymin>1933</ymin>
			<xmax>373</xmax>
			<ymax>1966</ymax>
		</bndbox>
	</object>
	<object>
		<name>fibroblast and endothelial</name>
		<pose>Unspecified</pose>
		<truncated>0</truncated>
		<difficult>0</difficult>
		<bndbox>
			<xmin>477</xmin>
			<ymin>1837</ymin>
			<xmax>509</xmax>
			<ymax>1869</ymax>
		</bndbox>
	</object>
	<object>
		<name>epithelial</name>
		<pose>Unspecified</pose>
		<truncated>0</truncated>
		<difficult>0</difficult>
		<bndbox>
			<xmin>378</xmin>
			<ymin>1898</ymin>
			<xmax>409</xmax>
			<ymax>1929</ymax>
		</bndbox>
	</object>
	<object>
		<name>epithelial</name>
		<pose>Unspecified</pose>
		<truncated>0</truncated>
		<difficult>0</difficult>
		<bndbox>
			<xmin>262</xmin>
			<ymin>1787</ymin>
			<xmax>293</xmax>
			<ymax>1819</ymax>
		</bndbox>
	</object>
	<object>
		<name>fibroblast and endothelial</name>
		<pose>Unspecified</pose>
		<truncated>0</truncated>
		<difficult>0</difficult>
		<bndbox>
			<xmin>463</xmin>
			<ymin>1753</ymin>
			<xmax>495</xmax>
			<ymax>1785</ymax>
		</bndbox>
	</object>
	<object>
		<name>epithelial</name>
		<pose>Unspecified</pose>
		<truncated>0</truncated>
		<difficult>0</difficult>
		<bndbox>
			<xmin>180</xmin>
			<ymin>1863</ymin>
			<xmax>212</xmax>
			<ymax>1895</ymax>
		</bndbox>
	</object>
	<object>
		<name>fibroblast and endothelial</name>
		<pose>Unspecified</pose>
		<truncated>0</truncated>
		<difficult>0</difficult>
		<bndbox>
			<xmin>241</xmin>
			<ymin>1946</ymin>
			<xmax>273</xmax>
			<ymax>1978</ymax>
		</bndbox>
	</object>
	<object>
		<name>epithelial</name>
		<pose>Unspecified</pose>
		<truncated>0</truncated>
		<difficult>0</difficult>
		<bndbox>
			<xmin>182</xmin>
			<ymin>1893</ymin>
			<xmax>213</xmax>
			<ymax>1925</ymax>
		</bndbox>
	</object>
	<object>
		<name>fibroblast and endothelial</name>
		<pose>Unspecified</pose>
		<truncated>0</truncated>
		<difficult>0</difficult>
		<bndbox>
			<xmin>472</xmin>
			<ymin>1792</ymin>
			<xmax>504</xmax>
			<ymax>1824</ymax>
		</bndbox>
	</object>
	<object>
		<name>epithelial</name>
		<pose>Unspecified</pose>
		<truncated>0</truncated>
		<difficult>0</difficult>
		<bndbox>
			<xmin>59</xmin>
			<ymin>1817</ymin>
			<xmax>91</xmax>
			<ymax>1849</ymax>
		</bndbox>
	</object>
	<object>
		<name>fibroblast and endothelial</name>
		<pose>Unspecified</pose>
		<truncated>0</truncated>
		<difficult>0</difficult>
		<bndbox>
			<xmin>219</xmin>
			<ymin>1901</ymin>
			<xmax>251</xmax>
			<ymax>1934</ymax>
		</bndbox>
	</object>
	<object>
		<name>fibroblast and endothelial</name>
		<pose>Unspecified</pose>
		<truncated>0</truncated>
		<difficult>0</difficult>
		<bndbox>
			<xmin>101</xmin>
			<ymin>1709</ymin>
			<xmax>132</xmax>
			<ymax>1741</ymax>
		</bndbox>
	</object>
	<object>
		<name>fibroblast and endothelial</name>
		<pose>Unspecified</pose>
		<truncated>0</truncated>
		<difficult>0</difficult>
		<bndbox>
			<xmin>134</xmin>
			<ymin>1589</ymin>
			<xmax>166</xmax>
			<ymax>1621</ymax>
		</bndbox>
	</object>
	<object>
		<name>fibroblast and endothelial</name>
		<pose>Unspecified</pose>
		<truncated>0</truncated>
		<difficult>0</difficult>
		<bndbox>
			<xmin>321</xmin>
			<ymin>1633</ymin>
			<xmax>353</xmax>
			<ymax>1665</ymax>
		</bndbox>
	</object>
	<object>
		<name>fibroblast and endothelial</name>
		<pose>Unspecified</pose>
		<truncated>0</truncated>
		<difficult>0</difficult>
		<bndbox>
			<xmin>408</xmin>
			<ymin>1824</ymin>
			<xmax>441</xmax>
			<ymax>1856</ymax>
		</bndbox>
	</object>
	<object>
		<name>fibroblast and endothelial</name>
		<pose>Unspecified</pose>
		<truncated>0</truncated>
		<difficult>0</difficult>
		<bndbox>
			<xmin>182</xmin>
			<ymin>1515</ymin>
			<xmax>214</xmax>
			<ymax>1547</ymax>
		</bndbox>
	</object>
	<object>
		<name>epithelial</name>
		<pose>Unspecified</pose>
		<truncated>0</truncated>
		<difficult>0</difficult>
		<bndbox>
			<xmin>122</xmin>
			<ymin>1783</ymin>
			<xmax>154</xmax>
			<ymax>1814</ymax>
		</bndbox>
	</object>
	<object>
		<name>epithelial</name>
		<pose>Unspecified</pose>
		<truncated>0</truncated>
		<difficult>0</difficult>
		<bndbox>
			<xmin>146</xmin>
			<ymin>1891</ymin>
			<xmax>178</xmax>
			<ymax>1924</ymax>
		</bndbox>
	</object>
	<object>
		<name>epithelial</name>
		<pose>Unspecified</pose>
		<truncated>0</truncated>
		<difficult>0</difficult>
		<bndbox>
			<xmin>138</xmin>
			<ymin>1877</ymin>
			<xmax>170</xmax>
			<ymax>1909</ymax>
		</bndbox>
	</object>
	<object>
		<name>fibroblast and endothelial</name>
		<pose>Unspecified</pose>
		<truncated>0</truncated>
		<difficult>0</difficult>
		<bndbox>
			<xmin>203</xmin>
			<ymin>1887</ymin>
			<xmax>235</xmax>
			<ymax>1919</ymax>
		</bndbox>
	</object>
	<object>
		<name>fibroblast and endothelial</name>
		<pose>Unspecified</pose>
		<truncated>0</truncated>
		<difficult>0</difficult>
		<bndbox>
			<xmin>334</xmin>
			<ymin>1820</ymin>
			<xmax>366</xmax>
			<ymax>1852</ymax>
		</bndbox>
	</object>
	<object>
		<name>epithelial</name>
		<pose>Unspecified</pose>
		<truncated>0</truncated>
		<difficult>0</difficult>
		<bndbox>
			<xmin>1</xmin>
			<ymin>1851</ymin>
			<xmax>32</xmax>
			<ymax>1883</ymax>
		</bndbox>
	</object>
	<object>
		<name>epithelial</name>
		<pose>Unspecified</pose>
		<truncated>0</truncated>
		<difficult>0</difficult>
		<bndbox>
			<xmin>61</xmin>
			<ymin>1881</ymin>
			<xmax>93</xmax>
			<ymax>1912</ymax>
		</bndbox>
	</object>
	<object>
		<name>fibroblast and endothelial</name>
		<pose>Unspecified</pose>
		<truncated>0</truncated>
		<difficult>0</difficult>
		<bndbox>
			<xmin>0</xmin>
			<ymin>1969</ymin>
			<xmax>32</xmax>
			<ymax>2000</ymax>
		</bndbox>
	</object>
	<object>
		<name>fibroblast and endothelial</name>
		<pose>Unspecified</pose>
		<truncated>0</truncated>
		<difficult>0</difficult>
		<bndbox>
			<xmin>254</xmin>
			<ymin>1903</ymin>
			<xmax>286</xmax>
			<ymax>1935</ymax>
		</bndbox>
	</object>
	<object>
		<name>fibroblast and endothelial</name>
		<pose>Unspecified</pose>
		<truncated>0</truncated>
		<difficult>0</difficult>
		<bndbox>
			<xmin>11</xmin>
			<ymin>1876</ymin>
			<xmax>44</xmax>
			<ymax>1908</ymax>
		</bndbox>
	</object>
	<object>
		<name>epithelial</name>
		<pose>Unspecified</pose>
		<truncated>0</truncated>
		<difficult>0</difficult>
		<bndbox>
			<xmin>461</xmin>
			<ymin>1692</ymin>
			<xmax>494</xmax>
			<ymax>1723</ymax>
		</bndbox>
	</object>
	<object>
		<name>fibroblast and endothelial</name>
		<pose>Unspecified</pose>
		<truncated>0</truncated>
		<difficult>0</difficult>
		<bndbox>
			<xmin>324</xmin>
			<ymin>1757</ymin>
			<xmax>356</xmax>
			<ymax>1790</ymax>
		</bndbox>
	</object>
	<object>
		<name>epithelial</name>
		<pose>Unspecified</pose>
		<truncated>0</truncated>
		<difficult>0</difficult>
		<bndbox>
			<xmin>255</xmin>
			<ymin>1597</ymin>
			<xmax>287</xmax>
			<ymax>1629</ymax>
		</bndbox>
	</object>
	<object>
		<name>epithelial</name>
		<pose>Unspecified</pose>
		<truncated>0</truncated>
		<difficult>0</difficult>
		<bndbox>
			<xmin>116</xmin>
			<ymin>1894</ymin>
			<xmax>148</xmax>
			<ymax>1926</ymax>
		</bndbox>
	</object>
	<object>
		<name>epithelial</name>
		<pose>Unspecified</pose>
		<truncated>0</truncated>
		<difficult>0</difficult>
		<bndbox>
			<xmin>150</xmin>
			<ymin>1908</ymin>
			<xmax>181</xmax>
			<ymax>1940</ymax>
		</bndbox>
	</object>
	<object>
		<name>fibroblast and endothelial</name>
		<pose>Unspecified</pose>
		<truncated>0</truncated>
		<difficult>0</difficult>
		<bndbox>
			<xmin>384</xmin>
			<ymin>1692</ymin>
			<xmax>416</xmax>
			<ymax>1724</ymax>
		</bndbox>
	</object>
	<object>
		<name>fibroblast and endothelial</name>
		<pose>Unspecified</pose>
		<truncated>0</truncated>
		<difficult>0</difficult>
		<bndbox>
			<xmin>228</xmin>
			<ymin>1921</ymin>
			<xmax>260</xmax>
			<ymax>1953</ymax>
		</bndbox>
	</object>
	<object>
		<name>fibroblast and endothelial</name>
		<pose>Unspecified</pose>
		<truncated>0</truncated>
		<difficult>0</difficult>
		<bndbox>
			<xmin>104</xmin>
			<ymin>1820</ymin>
			<xmax>136</xmax>
			<ymax>1852</ymax>
		</bndbox>
	</object>
	<object>
		<name>epithelial</name>
		<pose>Unspecified</pose>
		<truncated>0</truncated>
		<difficult>0</difficult>
		<bndbox>
			<xmin>1</xmin>
			<ymin>1765</ymin>
			<xmax>33</xmax>
			<ymax>1796</ymax>
		</bndbox>
	</object>
	<object>
		<name>epithelial</name>
		<pose>Unspecified</pose>
		<truncated>0</truncated>
		<difficult>0</difficult>
		<bndbox>
			<xmin>40</xmin>
			<ymin>1829</ymin>
			<xmax>72</xmax>
			<ymax>1860</ymax>
		</bndbox>
	</object>
	<object>
		<name>fibroblast and endothelial</name>
		<pose>Unspecified</pose>
		<truncated>0</truncated>
		<difficult>0</difficult>
		<bndbox>
			<xmin>812</xmin>
			<ymin>1843</ymin>
			<xmax>844</xmax>
			<ymax>1875</ymax>
		</bndbox>
	</object>
	<object>
		<name>epithelial</name>
		<pose>Unspecified</pose>
		<truncated>0</truncated>
		<difficult>0</difficult>
		<bndbox>
			<xmin>639</xmin>
			<ymin>1760</ymin>
			<xmax>671</xmax>
			<ymax>1792</ymax>
		</bndbox>
	</object>
	<object>
		<name>epithelial</name>
		<pose>Unspecified</pose>
		<truncated>0</truncated>
		<difficult>0</difficult>
		<bndbox>
			<xmin>500</xmin>
			<ymin>1937</ymin>
			<xmax>532</xmax>
			<ymax>1968</ymax>
		</bndbox>
	</object>
	<object>
		<name>fibroblast and endothelial</name>
		<pose>Unspecified</pose>
		<truncated>0</truncated>
		<difficult>0</difficult>
		<bndbox>
			<xmin>710</xmin>
			<ymin>1912</ymin>
			<xmax>742</xmax>
			<ymax>1944</ymax>
		</bndbox>
	</object>
	<object>
		<name>epithelial</name>
		<pose>Unspecified</pose>
		<truncated>0</truncated>
		<difficult>0</difficult>
		<bndbox>
			<xmin>564</xmin>
			<ymin>1939</ymin>
			<xmax>597</xmax>
			<ymax>1971</ymax>
		</bndbox>
	</object>
	<object>
		<name>epithelial</name>
		<pose>Unspecified</pose>
		<truncated>0</truncated>
		<difficult>0</difficult>
		<bndbox>
			<xmin>807</xmin>
			<ymin>1863</ymin>
			<xmax>838</xmax>
			<ymax>1894</ymax>
		</bndbox>
	</object>
	<object>
		<name>fibroblast and endothelial</name>
		<pose>Unspecified</pose>
		<truncated>0</truncated>
		<difficult>0</difficult>
		<bndbox>
			<xmin>833</xmin>
			<ymin>1846</ymin>
			<xmax>865</xmax>
			<ymax>1878</ymax>
		</bndbox>
	</object>
	<object>
		<name>epithelial</name>
		<pose>Unspecified</pose>
		<truncated>0</truncated>
		<difficult>0</difficult>
		<bndbox>
			<xmin>540</xmin>
			<ymin>1958</ymin>
			<xmax>572</xmax>
			<ymax>1991</ymax>
		</bndbox>
	</object>
	<object>
		<name>fibroblast and endothelial</name>
		<pose>Unspecified</pose>
		<truncated>0</truncated>
		<difficult>0</difficult>
		<bndbox>
			<xmin>563</xmin>
			<ymin>1834</ymin>
			<xmax>594</xmax>
			<ymax>1866</ymax>
		</bndbox>
	</object>
	<object>
		<name>fibroblast and endothelial</name>
		<pose>Unspecified</pose>
		<truncated>0</truncated>
		<difficult>0</difficult>
		<bndbox>
			<xmin>608</xmin>
			<ymin>1882</ymin>
			<xmax>640</xmax>
			<ymax>1914</ymax>
		</bndbox>
	</object>
	<object>
		<name>epithelial</name>
		<pose>Unspecified</pose>
		<truncated>0</truncated>
		<difficult>0</difficult>
		<bndbox>
			<xmin>522</xmin>
			<ymin>1714</ymin>
			<xmax>554</xmax>
			<ymax>1746</ymax>
		</bndbox>
	</object>
	<object>
		<name>fibroblast and endothelial</name>
		<pose>Unspecified</pose>
		<truncated>0</truncated>
		<difficult>0</difficult>
		<bndbox>
			<xmin>526</xmin>
			<ymin>1845</ymin>
			<xmax>558</xmax>
			<ymax>1877</ymax>
		</bndbox>
	</object>
	<object>
		<name>epithelial</name>
		<pose>Unspecified</pose>
		<truncated>0</truncated>
		<difficult>0</difficult>
		<bndbox>
			<xmin>578</xmin>
			<ymin>1890</ymin>
			<xmax>610</xmax>
			<ymax>1922</ymax>
		</bndbox>
	</object>
	<object>
		<name>epithelial</name>
		<pose>Unspecified</pose>
		<truncated>0</truncated>
		<difficult>0</difficult>
		<bndbox>
			<xmin>725</xmin>
			<ymin>1805</ymin>
			<xmax>757</xmax>
			<ymax>1838</ymax>
		</bndbox>
	</object>
	<object>
		<name>epithelial</name>
		<pose>Unspecified</pose>
		<truncated>0</truncated>
		<difficult>0</difficult>
		<bndbox>
			<xmin>828</xmin>
			<ymin>1951</ymin>
			<xmax>859</xmax>
			<ymax>1983</ymax>
		</bndbox>
	</object>
	<object>
		<name>epithelial</name>
		<pose>Unspecified</pose>
		<truncated>0</truncated>
		<difficult>0</difficult>
		<bndbox>
			<xmin>565</xmin>
			<ymin>1968</ymin>
			<xmax>597</xmax>
			<ymax>2000</ymax>
		</bndbox>
	</object>
	<object>
		<name>fibroblast and endothelial</name>
		<pose>Unspecified</pose>
		<truncated>0</truncated>
		<difficult>0</difficult>
		<bndbox>
			<xmin>565</xmin>
			<ymin>1774</ymin>
			<xmax>597</xmax>
			<ymax>1806</ymax>
		</bndbox>
	</object>
	<object>
		<name>fibroblast and endothelial</name>
		<pose>Unspecified</pose>
		<truncated>0</truncated>
		<difficult>0</difficult>
		<bndbox>
			<xmin>716</xmin>
			<ymin>1894</ymin>
			<xmax>748</xmax>
			<ymax>1926</ymax>
		</bndbox>
	</object>
	<object>
		<name>fibroblast and endothelial</name>
		<pose>Unspecified</pose>
		<truncated>0</truncated>
		<difficult>0</difficult>
		<bndbox>
			<xmin>777</xmin>
			<ymin>1938</ymin>
			<xmax>809</xmax>
			<ymax>1970</ymax>
		</bndbox>
	</object>
	<object>
		<name>epithelial</name>
		<pose>Unspecified</pose>
		<truncated>0</truncated>
		<difficult>0</difficult>
		<bndbox>
			<xmin>696</xmin>
			<ymin>1923</ymin>
			<xmax>728</xmax>
			<ymax>1955</ymax>
		</bndbox>
	</object>
	<object>
		<name>epithelial</name>
		<pose>Unspecified</pose>
		<truncated>0</truncated>
		<difficult>0</difficult>
		<bndbox>
			<xmin>707</xmin>
			<ymin>1824</ymin>
			<xmax>739</xmax>
			<ymax>1856</ymax>
		</bndbox>
	</object>
	<object>
		<name>epithelial</name>
		<pose>Unspecified</pose>
		<truncated>0</truncated>
		<difficult>0</difficult>
		<bndbox>
			<xmin>700</xmin>
			<ymin>1882</ymin>
			<xmax>733</xmax>
			<ymax>1914</ymax>
		</bndbox>
	</object>
	<object>
		<name>epithelial</name>
		<pose>Unspecified</pose>
		<truncated>0</truncated>
		<difficult>0</difficult>
		<bndbox>
			<xmin>761</xmin>
			<ymin>1884</ymin>
			<xmax>793</xmax>
			<ymax>1916</ymax>
		</bndbox>
	</object>
	<object>
		<name>fibroblast and endothelial</name>
		<pose>Unspecified</pose>
		<truncated>0</truncated>
		<difficult>0</difficult>
		<bndbox>
			<xmin>605</xmin>
			<ymin>1730</ymin>
			<xmax>637</xmax>
			<ymax>1762</ymax>
		</bndbox>
	</object>
	<object>
		<name>epithelial</name>
		<pose>Unspecified</pose>
		<truncated>0</truncated>
		<difficult>0</difficult>
		<bndbox>
			<xmin>888</xmin>
			<ymin>1968</ymin>
			<xmax>920</xmax>
			<ymax>1999</ymax>
		</bndbox>
	</object>
	<object>
		<name>epithelial</name>
		<pose>Unspecified</pose>
		<truncated>0</truncated>
		<difficult>0</difficult>
		<bndbox>
			<xmin>642</xmin>
			<ymin>1854</ymin>
			<xmax>674</xmax>
			<ymax>1886</ymax>
		</bndbox>
	</object>
</annotation>
